,segment_id,rate_of_penetration
0,wellbore_chev_no_14_665,61.33690620953091
1,wellbore_chev_no_14_681,44.863293362056105
2,wellbore_chev_no_14_682,41.76510706530869
3,wellbore_chev_no_14_683,50.281349389314435
4,wellbore_chev_no_14_684,43.696436920304635
5,wellbore_chev_no_14_685,28.357465852925596
6,wellbore_chev_no_14_686,27.162087434855597
7,wellbore_chev_no_14_687,35.12187823447016
8,wellbore_chev_no_14_688,34.28247246688747
9,wellbore_chev_no_14_689,35.456786143825596
10,wellbore_chev_no_14_690,46.310420753709664
11,wellbore_chev_no_14_691,49.88272471304144
12,wellbore_chev_no_14_692,55.70462825229916
13,wellbore_chev_no_14_693,49.20422063629754
14,wellbore_chev_no_14_694,51.701276932783735
15,wellbore_chev_no_14_695,53.863385474877376
16,wellbore_chev_no_14_696,40.89823621480204
17,wellbore_chev_no_14_697,44.159593185044905
18,wellbore_chev_no_14_698,50.525067614805096
19,wellbore_chev_no_14_699,57.696505028968325
20,wellbore_chev_no_14_700,30.71974929788029
21,wellbore_chev_no_14_701,34.72561059427156
22,wellbore_chev_no_14_702,52.48793803179286
23,wellbore_chev_no_14_703,52.787269206718456
24,wellbore_chev_no_14_704,60.34262831384379
25,wellbore_chev_no_14_705,50.75121207304602
26,wellbore_chev_no_14_706,54.33714922130531
27,wellbore_chev_no_14_707,59.530498707364835
28,wellbore_chev_no_14_708,59.5412647657167
29,wellbore_chev_no_14_709,70.47130144654612
30,wellbore_chev_no_14_710,60.77154931944719
31,wellbore_chev_no_14_711,47.3893434141358
32,wellbore_chev_no_14_712,45.09636153572302
33,wellbore_chev_no_14_713,57.63380007001227
34,wellbore_chev_no_14_714,57.93940529953778
35,wellbore_chev_no_14_715,52.255034223949465
36,wellbore_chev_no_14_716,42.91206834250059
37,wellbore_chev_no_14_717,55.32856290432899
38,wellbore_chev_no_14_718,52.06338345642193
39,wellbore_chev_no_14_719,49.97418510512017
40,wellbore_chev_no_14_720,46.188908327647155
41,wellbore_chev_no_14_721,57.40431032462359
42,wellbore_chev_no_14_722,61.62884058285714
43,wellbore_chev_no_14_723,65.02249414857397
44,wellbore_chev_no_14_724,62.389568614136294
45,wellbore_chev_no_14_725,63.61775340676782
46,wellbore_chev_no_14_726,47.970984639376056
47,wellbore_chev_no_14_727,38.68362712262864
48,wellbore_chev_no_14_728,38.772788548972834
49,wellbore_chev_no_14_729,42.608867802149206
50,wellbore_chev_no_14_730,50.976175772360065
51,wellbore_chev_no_14_731,51.61328656720785
52,wellbore_chev_no_14_732,73.00344839520086
53,wellbore_chev_no_14_733,75.96786829549684
54,wellbore_chev_no_14_734,51.325465122194046
55,wellbore_chev_no_14_735,41.151642080231426
56,wellbore_chev_no_14_736,76.55028092499673
57,wellbore_chev_no_14_737,39.84707380044003
58,wellbore_chev_no_14_738,42.82840976904817
59,wellbore_chev_no_14_739,46.272568995273076
60,wellbore_chev_no_14_740,47.959364460813006
61,wellbore_chev_no_14_741,48.03116684269354
62,wellbore_chev_no_14_742,49.388526889257804
63,wellbore_chev_no_14_743,48.52637138814882
64,wellbore_chev_no_14_744,44.20505988511307
65,wellbore_chev_no_14_745,40.257657239677
66,wellbore_chev_no_14_746,46.37301806192093
67,wellbore_chev_no_14_747,40.21568803382057
68,wellbore_chev_no_14_748,39.93742402634446
69,wellbore_chev_no_14_749,40.947090075451534
70,wellbore_chev_no_14_750,41.99592204971471
71,wellbore_chev_no_14_751,50.25273575214926
72,wellbore_chev_no_14_752,54.03906767399003
73,wellbore_chev_no_14_753,47.742746499084696
74,wellbore_chev_no_14_754,42.198566898546275
75,wellbore_chev_no_14_755,40.761140915041366
76,wellbore_chev_no_14_756,41.16004572795684
77,wellbore_chev_no_14_757,45.94713970153206
78,wellbore_chev_no_14_758,44.627925954318435
79,wellbore_chev_no_14_759,39.66028289510935
80,wellbore_chev_no_14_760,63.13209901400705
81,wellbore_chev_no_14_761,60.292810772752546
82,wellbore_chev_no_14_762,60.832091595359
83,wellbore_chev_no_14_763,63.301825227175335
84,wellbore_chev_no_14_764,41.458097307545515
85,wellbore_chev_no_14_765,43.414063078888766
86,wellbore_chev_no_14_766,41.831845420307076
87,wellbore_chev_no_14_767,40.17749543801849
88,wellbore_chev_no_14_768,57.45141810960843
89,wellbore_chev_no_14_769,70.58404962976218
90,wellbore_chev_no_14_770,62.75963683679733
91,wellbore_chev_no_14_771,47.60459307570336
92,wellbore_chev_no_14_772,46.916220204507084
93,wellbore_chev_no_14_773,55.02312198222123
94,wellbore_chev_no_14_774,50.12709928865861
95,wellbore_chev_no_14_775,59.98574629789715
96,wellbore_chev_no_14_776,60.280242864044126
97,wellbore_chev_no_14_777,43.672285876140194
98,wellbore_chev_no_14_778,43.40569174093565
99,wellbore_chev_no_14_779,46.42036729888615
100,wellbore_chev_no_14_780,48.8656465795471
101,wellbore_chev_no_14_781,57.16057350982052
102,wellbore_chev_no_14_782,61.01303285532312
103,wellbore_chev_no_14_783,56.665944490096756
104,wellbore_chev_no_14_784,53.66392952850899
105,wellbore_chev_no_14_785,56.835885409390315
106,wellbore_chev_no_14_786,55.47325867457599
107,wellbore_chev_no_14_787,42.37013901952347
108,wellbore_chev_no_14_788,48.62063519687839
109,wellbore_chev_no_14_789,47.07394558190074
110,wellbore_chev_no_14_790,47.25385448564217
111,wellbore_chev_no_14_791,45.640072435634835
112,wellbore_chev_no_14_792,51.90273759549292
113,wellbore_chev_no_14_793,57.00865671592882
114,wellbore_chev_no_14_794,56.7742421561942
115,wellbore_chev_no_14_795,62.18060008090299
116,wellbore_chev_no_14_796,61.40332237372137
117,wellbore_chev_no_14_797,51.35335836379372
118,wellbore_chev_no_14_798,45.260218449293134
119,wellbore_chev_no_14_799,47.43490491134611
120,wellbore_chev_no_14_800,55.14229988981278
121,wellbore_chev_no_14_801,81.80609326703193
122,wellbore_chev_no_14_802,61.633066085620364
123,wellbore_chev_no_14_803,92.51475541404176
124,wellbore_chev_no_14_804,72.50870869732147
125,wellbore_chev_no_14_805,60.40448667925629
126,wellbore_chev_no_14_806,54.034537729125034
127,wellbore_chev_no_14_807,44.619032579987916
128,wellbore_chev_no_14_808,48.301892348623454
129,wellbore_chev_no_14_809,47.708982605748034
130,wellbore_chev_no_14_810,48.776255696712006
131,wellbore_chev_no_14_811,53.35741083505211
132,wellbore_chev_no_14_812,55.20170422927439
133,wellbore_chev_no_14_813,48.44277474329532
134,wellbore_chev_no_14_814,47.72968862925267
135,wellbore_chev_no_14_815,51.60667361376606
136,wellbore_chev_no_14_816,56.3151781499876
137,wellbore_chev_no_14_817,52.749285741765256
138,wellbore_chev_no_14_818,51.93115218023863
139,wellbore_chev_no_14_819,60.19650368199485
140,wellbore_chev_no_14_820,64.3862684593229
141,wellbore_chev_no_14_821,57.359300562462074
142,wellbore_chev_no_14_822,55.30701584413837
143,wellbore_chev_no_14_823,58.67167989676371
144,wellbore_chev_no_14_824,59.68202164791639
145,wellbore_chev_no_14_825,70.25670654729079
146,wellbore_chev_no_14_826,49.09505654213354
147,wellbore_chev_no_14_827,67.44249187178309
148,wellbore_chev_no_14_828,65.5573907790305
149,wellbore_chev_no_14_829,59.65468214238256
150,wellbore_chev_no_14_830,54.37925950962456
151,wellbore_chev_no_14_831,47.2806983379469
152,wellbore_chev_no_14_832,47.41938649748312
153,wellbore_chev_no_14_833,50.50952785585266
154,wellbore_chev_no_14_834,78.99680409270873
155,wellbore_chev_no_14_835,85.03027389648695
156,wellbore_chev_no_14_836,84.99117496809392
157,wellbore_chev_no_14_837,81.6862674641922
158,wellbore_chev_no_14_838,57.68684045743508
159,wellbore_chev_no_14_839,55.35106302473156
160,wellbore_chev_no_14_840,53.838147217196024
161,wellbore_chev_no_14_841,49.92915249961382
162,wellbore_chev_no_14_842,48.7607362083673
163,wellbore_chev_no_14_843,51.6029295861249
164,wellbore_chev_no_14_844,49.08347540035622
165,wellbore_chev_no_14_845,48.46182169740608
166,wellbore_chev_no_14_846,71.91772684442817
167,wellbore_chev_no_14_847,66.87735229003813
168,wellbore_chev_no_14_848,66.87017096328003
169,wellbore_chev_no_14_849,62.939954795279185
170,wellbore_chev_no_14_850,54.341944182740754
171,wellbore_chev_no_14_851,56.09969371794301
172,wellbore_chev_no_14_852,53.027502940628054
173,wellbore_chev_no_14_853,53.20459186854713
174,wellbore_chev_no_14_854,98.0120423080223
175,wellbore_chev_no_14_855,82.68144845704971
176,wellbore_chev_no_14_856,56.816306873209285
177,wellbore_chev_no_14_857,57.56812840212378
178,wellbore_chev_no_14_858,57.617227423042934
179,wellbore_chev_no_14_859,57.76264459012407
180,wellbore_chev_no_14_860,57.464248505716604
181,wellbore_chev_no_14_861,51.14965787765512
182,wellbore_chev_no_14_862,51.169315009330795
183,wellbore_chev_no_14_863,56.77814702451158
184,wellbore_chev_no_14_864,58.49304045729637
185,wellbore_chev_no_14_865,58.54661254208996
186,wellbore_chev_no_14_866,58.64550280616918
187,wellbore_chev_no_14_867,58.63555542147553
188,wellbore_chev_no_14_868,58.897028741642664
189,wellbore_chev_no_14_869,59.0107380255314
190,wellbore_chev_no_14_870,59.01592215184463
191,wellbore_chev_no_14_871,59.061907000422984
192,wellbore_chev_no_14_872,59.21031602179417
193,wellbore_chev_no_14_873,59.2952614600839
194,wellbore_chev_no_14_874,59.38540260268688
195,wellbore_chev_no_14_875,59.3538630035231
196,wellbore_chev_no_14_876,59.52760480965393
197,wellbore_chev_no_14_877,59.652162775924126
198,wellbore_chev_no_14_878,59.716701382594515
199,wellbore_chev_no_14_879,59.75557504572303
200,wellbore_chev_no_14_880,59.7838919475416
201,wellbore_chev_no_14_881,60.0722856915023
202,wellbore_chev_no_14_882,59.877025408710516
203,wellbore_chev_no_14_883,60.179364910262976
204,wellbore_chev_no_14_884,60.233621496185876
205,wellbore_chev_no_14_885,58.34228102761788
206,wellbore_chev_no_14_886,60.361038307738596
207,wellbore_chev_no_14_887,53.99914181043945
208,wellbore_chev_no_14_888,53.55315257194516
209,wellbore_chev_no_14_889,52.90676575442925
210,wellbore_chev_no_14_890,53.21434103269486
211,wellbore_chev_no_14_891,53.269456387319366
212,wellbore_chev_no_14_892,53.65627305705565
213,wellbore_chev_no_14_893,59.07975767490082
214,wellbore_chev_no_14_894,61.026823005938994
215,wellbore_chev_no_14_895,61.130557767202156
216,wellbore_chev_no_14_896,61.21960374658154
217,wellbore_chev_no_14_897,60.95326000158414
218,wellbore_chev_no_14_898,61.25736598059331
219,wellbore_chev_no_14_899,61.337290328093886
220,wellbore_chev_no_14_900,61.40945433531573
221,wellbore_chev_no_14_901,58.54979596815256
222,wellbore_chev_no_14_902,56.4348659362394
223,wellbore_chev_no_14_903,56.3528787388595
224,wellbore_chev_no_14_904,56.50061357947508
225,wellbore_chev_no_14_905,56.44732144346069
226,wellbore_chev_no_14_906,55.929901055625244
227,wellbore_chev_no_14_907,60.63633397683022
228,wellbore_chev_no_14_908,67.98779366255441
229,wellbore_chev_no_14_909,68.56710405331906
230,wellbore_chev_no_14_910,53.00473886845
231,wellbore_chev_no_14_911,60.297578873630194
232,wellbore_chev_no_14_912,68.8423076184801
233,wellbore_chev_no_14_913,69.37573025153482
234,wellbore_chev_no_14_914,51.902866466085655
235,wellbore_chev_no_14_915,51.745080802349534
236,wellbore_chev_no_14_916,70.57900022159423
237,wellbore_chev_no_14_917,57.19420767092149
238,wellbore_chev_no_14_918,51.98918041109456
239,wellbore_chev_no_14_919,51.82983086120518
240,wellbore_chev_no_14_920,51.89851956368821
241,wellbore_chev_no_14_921,51.81339763655862
242,wellbore_chev_no_14_922,52.25781537192559
243,wellbore_chev_no_14_923,52.06279990033024
244,wellbore_chev_no_14_924,52.5174648365264
245,wellbore_chev_no_14_925,52.68295966653058
246,wellbore_chev_no_14_926,52.35030986984046
247,wellbore_chev_no_14_927,54.685570193380784
248,wellbore_chev_no_14_928,57.31051488914822
249,wellbore_chev_no_14_929,53.094340849540735
250,wellbore_chev_no_14_930,53.194360078761314
251,wellbore_chev_no_14_931,53.114552381933315
252,wellbore_chev_no_14_932,53.25469144593643
253,wellbore_chev_no_14_933,53.493134818463446
254,wellbore_chev_no_14_934,54.00117463621596
255,wellbore_chev_no_14_935,53.89469639688538
256,wellbore_chev_no_14_936,53.270598195961654
257,wellbore_chev_no_14_937,53.54608717728168
258,wellbore_chev_no_14_938,53.58716153606919
259,wellbore_chev_no_14_939,53.77348764881795
260,wellbore_chev_no_14_940,54.682860605759366
261,wellbore_chev_no_14_941,54.38662513651745
262,wellbore_chev_no_14_942,54.44504200989188
263,wellbore_chev_no_14_943,54.88643180159576
264,wellbore_chev_no_14_944,54.642921323624876
265,wellbore_chev_no_14_945,54.43296188409998
266,wellbore_chev_no_14_946,54.59311029446347
267,wellbore_chev_no_14_947,54.85311648681939
268,wellbore_chev_no_14_948,54.50787202330268
269,wellbore_chev_no_14_949,62.489629634683965
270,wellbore_chev_no_14_950,62.39980180457518
271,wellbore_chev_no_14_951,58.328922426030644
272,wellbore_chev_no_14_952,61.985485141503766
273,wellbore_chev_no_14_953,57.93708639597294
274,wellbore_chev_no_14_954,55.34076007363278
275,wellbore_chev_no_14_955,56.11408416870039
276,wellbore_chev_no_14_956,55.07837121675318
277,wellbore_chev_no_14_957,59.13315693130289
278,wellbore_chev_no_14_958,55.19171304486234
279,wellbore_chev_no_14_959,56.017206636556196
280,wellbore_chev_no_14_960,55.72415349379948
281,wellbore_chev_no_14_961,55.594907009127766
282,wellbore_chev_no_14_962,55.921877461541015
283,wellbore_chev_no_16_732,61.30093883854124
284,wellbore_chev_no_16_733,72.53038323874141
285,wellbore_chev_no_16_734,61.24124847118327
286,wellbore_chev_no_16_735,35.20068925337886
287,wellbore_chev_no_16_736,53.048436184230454
288,wellbore_chev_no_16_737,59.69559950442163
289,wellbore_chev_no_16_738,58.495816433317316
290,wellbore_chev_no_16_739,27.793429305756472
291,wellbore_chev_no_16_740,32.409414943202655
292,wellbore_chev_no_16_741,44.59022372446361
293,wellbore_chev_no_16_742,55.578703940598785
294,wellbore_chev_no_16_743,51.87466904424389
295,wellbore_chev_no_16_744,55.18983507166578
296,wellbore_chev_no_16_745,36.12919761618329
297,wellbore_chev_no_16_746,38.12087915363983
298,wellbore_chev_no_16_747,43.29485619432539
299,wellbore_chev_no_16_748,50.72556862535447
300,wellbore_chev_no_16_749,47.1077657152867
301,wellbore_chev_no_16_750,52.54321878545697
302,wellbore_chev_no_16_751,52.62498584870608
303,wellbore_chev_no_16_752,48.73018031526149
304,wellbore_chev_no_16_753,53.93075771269798
305,wellbore_chev_no_16_754,55.836647592144836
306,wellbore_chev_no_16_755,53.00469491688052
307,wellbore_chev_no_16_756,52.44997400989544
308,wellbore_chev_no_16_757,38.949613067271265
309,wellbore_chev_no_16_758,53.67250729322453
310,wellbore_chev_no_16_759,50.01091282380112
311,wellbore_chev_no_16_760,30.60940584913804
312,wellbore_chev_no_16_761,30.52362361431595
313,wellbore_chev_no_16_762,39.778215859936736
314,wellbore_chev_no_16_763,37.99721057702358
315,wellbore_chev_no_16_764,29.06105110981269
316,wellbore_chev_no_16_765,37.86713308152152
317,wellbore_chev_no_16_766,29.45356158725313
318,wellbore_chev_no_16_767,42.75348611183857
319,wellbore_chev_no_16_768,42.53211836919424
320,wellbore_chev_no_16_769,38.52643901789061
321,wellbore_chev_no_16_770,31.536132314523737
322,wellbore_chev_no_16_771,27.34725000599067
323,wellbore_chev_no_16_772,53.505361206203105
324,wellbore_chev_no_16_773,58.1999706846788
325,wellbore_chev_no_16_774,49.28868388324469
326,wellbore_chev_no_16_775,27.56861916012185
327,wellbore_chev_no_16_776,27.760052002540245
328,wellbore_chev_no_16_777,27.90239859208067
329,wellbore_chev_no_16_778,29.76672775521258
330,wellbore_chev_no_16_779,49.03897339612442
331,wellbore_chev_no_16_780,60.807341635088264
332,wellbore_chev_no_16_781,53.49000385754775
333,wellbore_chev_no_16_782,42.980316978295335
334,wellbore_chev_no_16_783,33.69061315043123
335,wellbore_chev_no_16_784,37.83464983660066
336,wellbore_chev_no_16_785,45.875154819785315
337,wellbore_chev_no_16_786,36.211412445630174
338,wellbore_chev_no_16_787,43.440011768111646
339,wellbore_chev_no_16_788,43.95454234961722
340,wellbore_chev_no_16_789,44.77013317714675
341,wellbore_chev_no_16_790,44.79069945831514
342,wellbore_chev_no_16_791,46.08764864571755
343,wellbore_chev_no_16_792,43.38745347068848
344,wellbore_chev_no_16_793,45.144680923007286
345,wellbore_chev_no_16_794,44.96099623450938
346,wellbore_chev_no_16_795,46.88983864013527
347,wellbore_chev_no_16_796,44.98484946142961
348,wellbore_chev_no_16_797,47.52242105810518
349,wellbore_chev_no_16_798,45.29258168527563
350,wellbore_chev_no_16_799,47.17219086910382
351,wellbore_chev_no_16_800,54.179780585536825
352,wellbore_chev_no_16_801,39.22545079339617
353,wellbore_chev_no_16_802,45.674837434776045
354,wellbore_chev_no_16_803,64.22168765134374
355,wellbore_chev_no_16_804,61.987592086451656
356,wellbore_chev_no_16_805,57.58912394727795
357,wellbore_chev_no_16_806,58.85528226127927
358,wellbore_chev_no_16_807,57.78542246083911
359,wellbore_chev_no_16_808,50.368393960276435
360,wellbore_chev_no_16_809,64.64323626369753
361,wellbore_chev_no_16_810,47.802656977308914
362,wellbore_chev_no_16_811,40.96690420587305
363,wellbore_chev_no_16_812,35.36200047822352
364,wellbore_chev_no_16_813,32.522291977182036
365,wellbore_chev_no_16_814,30.915939161578475
366,wellbore_chev_no_16_815,33.992168815668975
367,wellbore_chev_no_16_816,59.585656692709925
368,wellbore_chev_no_16_817,57.53557593609025
369,wellbore_chev_no_16_818,53.73944138365772
370,wellbore_chev_no_16_819,62.09512178689726
371,wellbore_chev_no_16_820,33.33868261881516
372,wellbore_chev_no_16_821,40.013329015732474
373,wellbore_chev_no_16_822,46.936487974636336
374,wellbore_chev_no_16_823,46.709287340613194
375,wellbore_chev_no_16_824,39.37771389898828
376,wellbore_chev_no_16_825,41.2712448932079
377,wellbore_chev_no_16_826,40.55711909446221
378,wellbore_chev_no_16_827,42.5760400396403
379,wellbore_chev_no_16_828,42.690864473185755
380,wellbore_chev_no_16_829,44.035723491846845
381,wellbore_chev_no_16_830,47.36272336826525
382,wellbore_chev_no_16_831,52.378911312619955
383,wellbore_chev_no_16_832,47.5239363061096
384,wellbore_chev_no_16_833,47.46053794219565
385,wellbore_chev_no_16_834,46.59673390631709
386,wellbore_chev_no_16_835,39.83365407102229
387,wellbore_chev_no_16_836,40.22398515870986
388,wellbore_chev_no_16_837,53.50531912646601
389,wellbore_chev_no_16_838,48.85843522661467
390,wellbore_chev_no_16_839,40.46091948929571
391,wellbore_chev_no_16_840,48.30432690982521
392,wellbore_chev_no_16_841,73.9261238228584
393,wellbore_chev_no_16_842,73.36760260092787
394,wellbore_chev_no_16_843,57.95086921062035
395,wellbore_chev_no_16_844,53.579617888936156
396,wellbore_chev_no_16_845,46.86761272986194
397,wellbore_chev_no_16_846,44.450356732519616
398,wellbore_chev_no_16_847,42.258972446278186
399,wellbore_chev_no_16_848,44.66516200049543
400,wellbore_chev_no_16_849,41.769365909649586
401,wellbore_chev_no_16_850,40.32384135008174
402,wellbore_chev_no_16_851,63.21477220575854
403,wellbore_chev_no_16_852,38.16024168305762
404,wellbore_chev_no_16_853,41.24854205426466
405,wellbore_chev_no_16_854,41.757609233824965
406,wellbore_chev_no_16_855,40.67971243667634
407,wellbore_chev_no_16_856,52.471495772238505
408,wellbore_chev_no_16_857,52.710687732910195
409,wellbore_chev_no_16_858,52.390255950478064
410,wellbore_chev_no_19_158,52.130252340637796
411,wellbore_chev_no_19_159,52.98359347707223
412,wellbore_chev_no_19_160,51.85015381603209
413,wellbore_chev_no_19_161,37.81493821392682
414,wellbore_chev_no_19_162,38.26671065358333
415,wellbore_chev_no_19_163,41.418118851930345
416,wellbore_chev_no_19_164,39.460839488765444
417,wellbore_chev_no_19_166,38.99114022876465
418,wellbore_chev_no_19_167,42.805832476184364
419,wellbore_chev_no_19_168,37.85514673657674
420,wellbore_chev_no_19_169,37.870413125577514
421,wellbore_chev_no_19_170,39.42736221910603
422,wellbore_chev_no_19_171,41.22472084275573
423,wellbore_chev_no_19_172,42.09648917796092
424,wellbore_chev_no_19_173,38.68504195048983
425,wellbore_chev_no_19_174,38.710769952140296
426,wellbore_chev_no_19_175,46.08444060861707
427,wellbore_chev_no_19_176,49.21833148049505
428,wellbore_chev_no_19_177,37.82041998675389
429,wellbore_chev_no_19_178,42.45229394325058
430,wellbore_chev_no_19_179,44.50061217704258
431,wellbore_chev_no_19_180,45.694023928390365
432,wellbore_chev_no_19_181,46.87055605117719
433,wellbore_chev_no_19_182,40.72431403708701
434,wellbore_chev_no_19_183,40.094478747128264
435,wellbore_chev_no_19_184,47.69154735735053
436,wellbore_chev_no_19_185,54.51756091926741
437,wellbore_chev_no_19_186,40.822002391830736
438,wellbore_chev_no_19_187,41.20906753843589
439,wellbore_chev_no_19_188,39.67203370188183
440,wellbore_chev_no_19_189,41.32015437647233
441,wellbore_chev_no_19_190,43.82152903722603
442,wellbore_chev_no_19_191,43.91426746189255
443,wellbore_chev_no_19_192,45.8195175145285
444,wellbore_chev_no_19_193,59.307584342452216
445,wellbore_chev_no_19_194,53.98295403105901
446,wellbore_chev_no_19_195,44.21476718727179
447,wellbore_chev_no_19_196,48.08764107398072
448,wellbore_chev_no_19_197,45.77213712035861
449,wellbore_chev_no_19_198,47.882578527159964
450,wellbore_chev_no_19_199,46.80294852647991
451,wellbore_chev_no_19_200,52.106680242226915
452,wellbore_chev_no_19_201,48.6471245040171
453,wellbore_chev_no_19_202,60.110092743688014
454,wellbore_chev_no_19_203,53.9971774224655
455,wellbore_chev_no_19_204,43.54944808994823
456,wellbore_chev_no_19_205,52.29783537631569
457,wellbore_chev_no_19_206,45.59799024725966
458,wellbore_chev_no_19_207,49.1975795930211
459,wellbore_chev_no_19_208,49.38897757360293
460,wellbore_chev_no_19_209,50.59563642183819
461,wellbore_chev_no_19_210,53.03671641953734
462,wellbore_chev_no_19_211,92.21811554107093
463,wellbore_chev_no_19_212,56.57461362330183
464,wellbore_chev_no_19_213,51.849942801359944
465,wellbore_chev_no_19_214,58.833314947835234
466,wellbore_chev_no_19_215,51.15983691476511
467,wellbore_chev_no_19_216,51.50608160473793
468,wellbore_chev_no_19_217,48.762166192393536
469,wellbore_chev_no_19_218,56.37197734127899
470,wellbore_chev_no_19_219,61.34951836277283
471,wellbore_chev_no_19_220,59.012312737861535
472,wellbore_chev_no_19_221,59.88779563536188
473,wellbore_chev_no_19_222,64.13412941691796
474,wellbore_chev_no_19_223,58.41335754077896
475,wellbore_chev_no_19_224,57.98727935760594
476,wellbore_chev_no_19_225,55.94299915934032
477,wellbore_chev_no_19_226,58.8101254063895
478,wellbore_chev_no_19_227,61.97148551508555
479,wellbore_chev_no_19_228,65.33072761690339
480,wellbore_chev_no_19_229,60.81679903452577
481,wellbore_chev_no_19_230,55.57911637735917
482,wellbore_chev_no_19_231,73.23323593242061
483,wellbore_chev_no_19_232,65.8915788007926
484,wellbore_chev_no_19_233,63.97481236378421
485,wellbore_chev_no_19_234,65.95560402542004
486,wellbore_chev_no_19_235,62.43896569267453
487,wellbore_chev_no_19_236,68.30648152607769
488,wellbore_chev_no_19_237,65.30793371065376
489,wellbore_chev_no_19_238,65.11319386845359
490,wellbore_chev_no_19_239,58.59727598914465
491,wellbore_chev_no_19_240,61.76604115074245
492,wellbore_chev_no_19_241,57.21375277893044
493,wellbore_chev_no_19_242,58.30389104521403
494,wellbore_chev_no_19_243,56.58940294232484
495,wellbore_chev_no_19_244,55.89865120955086
496,wellbore_chev_no_19_245,65.5204609259962
497,wellbore_chev_no_19_246,71.78943687352749
498,wellbore_chev_no_19_247,78.83273465790724
499,wellbore_chev_no_19_248,60.51818438233242
500,wellbore_chev_no_19_249,63.271019132378555
501,wellbore_chev_no_19_250,63.44692776188158
502,wellbore_chev_no_19_251,59.88137173031821
503,wellbore_chev_no_19_252,59.82028778766674
504,wellbore_chev_no_19_253,52.822418925272004
505,wellbore_chev_no_19_254,51.647855585529
506,wellbore_chev_no_19_255,60.863578955696326
507,wellbore_chev_no_19_256,63.55549074176504
508,wellbore_chev_no_19_257,47.0849273092533
509,wellbore_chev_no_19_258,54.21969231000166
510,wellbore_chev_no_19_259,57.8854893244626
511,wellbore_chev_no_19_260,63.55132827502082
512,wellbore_chev_no_19_261,57.41582835126361
513,wellbore_chev_no_19_262,48.07931989145759
514,wellbore_chev_no_19_263,53.4839454898664
515,wellbore_chev_no_19_264,59.09768061716996
516,wellbore_chev_no_19_265,64.12276942604338
517,wellbore_chev_no_19_266,54.56804269095339
518,wellbore_chev_no_19_267,53.336203948987915
519,wellbore_chev_no_19_268,32.45746838275811
520,wellbore_chev_no_19_269,192.30328194753886
521,wellbore_chev_no_19_270,191.18351617152422
522,wellbore_chev_no_19_271,190.8924382715825
523,wellbore_chev_no_19_272,190.06820230286155
524,wellbore_chev_no_19_273,189.8097658370579
525,wellbore_chev_no_19_274,189.55086219561701
526,wellbore_chev_no_19_275,189.1142004019892
527,wellbore_chev_no_19_276,189.36810471204961
528,wellbore_chev_no_19_277,188.5933983914287
529,wellbore_chev_no_19_278,187.75406610469008
530,wellbore_chev_no_19_279,186.964956480735
531,wellbore_chev_no_19_280,187.5610906290324
532,wellbore_chev_no_19_281,187.1580243127828
533,wellbore_chev_no_19_282,186.40690486025116
534,wellbore_chev_no_19_283,185.55535732261856
535,wellbore_chev_no_19_284,185.04991420007096
536,wellbore_chev_no_19_285,184.13014066935446
537,wellbore_chev_no_19_286,185.09595841484023
538,wellbore_chev_no_19_287,184.59803566479002
539,wellbore_chev_no_19_288,184.04058989018935
540,wellbore_chev_no_19_289,184.2334689344379
541,wellbore_chev_no_19_290,184.77197135905067
542,wellbore_chev_no_19_291,183.483897385463
543,wellbore_chev_no_19_292,183.07784449066267
544,wellbore_chev_no_19_293,182.43554115589728
545,wellbore_chev_no_19_294,182.95535202852898
546,wellbore_chev_no_19_295,182.13725206979404
547,wellbore_chev_no_19_296,181.32571561523403
548,wellbore_chev_no_19_297,181.20931921632186
549,wellbore_chev_no_19_298,180.9536036656499
550,wellbore_chev_no_19_299,180.5874921021165
551,wellbore_chev_no_19_300,179.91856464360512
552,wellbore_chev_no_19_301,179.07074829211436
553,wellbore_chev_no_19_302,179.14684107405134
554,wellbore_chev_no_19_303,179.61469472638146
555,wellbore_chev_no_19_304,178.52180902618434
556,wellbore_chev_no_19_305,177.71869802999882
557,wellbore_chev_no_19_306,86.46197224808556
558,wellbore_chev_no_19_307,41.52463578145786
559,wellbore_chev_no_19_308,72.49146857994647
560,wellbore_chev_no_19_309,175.66712454793102
561,wellbore_chev_no_19_310,174.93773927589203
562,wellbore_chev_no_19_311,164.73740732116326
563,wellbore_chev_no_19_312,40.77923054339921
564,wellbore_chev_no_19_313,37.7301743387048
565,wellbore_chev_no_19_314,39.57689245659468
566,wellbore_chev_no_19_315,46.317128794002215
567,wellbore_chev_no_19_316,128.48295055021018
568,wellbore_chev_no_19_317,119.07963084986737
569,wellbore_chev_no_19_318,36.25897796845531
570,wellbore_chev_no_19_319,40.49846057313981
571,wellbore_chev_no_19_320,41.055486798118906
572,wellbore_chev_no_19_321,42.25511256850906
573,wellbore_chev_no_19_322,36.00718294902309
574,wellbore_chev_no_19_323,45.278582325765015
575,wellbore_chev_no_19_324,168.81742352319506
576,wellbore_chev_no_19_325,169.67073525327277
577,wellbore_chev_no_19_326,168.60400871161391
578,wellbore_chev_no_19_327,62.22184897899503
579,wellbore_chev_no_19_328,167.40503885785316
580,wellbore_chev_no_19_329,167.56943705850077
581,wellbore_chev_no_19_330,167.261157610999
582,wellbore_chev_no_19_331,123.91123843596064
583,wellbore_chev_no_19_332,37.837806708350556
584,wellbore_chev_no_19_333,42.715568713696925
585,wellbore_chev_no_19_334,31.268896744483822
586,wellbore_chev_no_19_335,35.475676964886944
587,wellbore_chev_no_19_336,40.05446469743977
588,wellbore_chev_no_19_337,86.14600855258807
589,wellbore_chev_no_19_338,164.05940737826708
590,wellbore_chev_no_19_339,164.02513300300606
591,wellbore_chev_no_19_340,155.8597877811747
592,wellbore_chev_no_19_341,34.64424450715707
593,wellbore_chev_no_19_342,43.92838644964739
594,wellbore_chev_no_19_343,162.1085984124498
595,wellbore_chev_no_19_344,161.54985419291083
596,wellbore_chev_no_19_345,129.9263161105455
597,wellbore_chev_no_19_346,78.81763604047065
598,wellbore_chev_no_19_347,160.82177569920566
599,wellbore_chev_no_19_348,160.6797973318676
600,wellbore_chev_no_19_349,160.02334780766128
601,wellbore_chev_no_19_350,158.9396527167083
602,wellbore_chev_no_19_351,158.6029405424714
603,wellbore_chev_no_19_352,159.1756240574273
604,wellbore_chev_no_19_353,91.57480517360234
605,wellbore_chev_no_19_354,87.75723894914303
606,wellbore_chev_no_19_355,156.664742663608
607,wellbore_chev_no_19_356,65.5164669490414
608,wellbore_chev_no_19_357,32.37103665212395
609,wellbore_chev_no_19_358,31.530704279899606
610,wellbore_chev_no_19_359,31.21793017478073
611,wellbore_chev_no_19_360,29.422068367773743
612,wellbore_chev_no_19_361,32.622391265917955
613,wellbore_chev_no_19_362,29.688714279007325
614,wellbore_chev_no_19_363,133.36056470935983
615,wellbore_chev_no_19_364,153.44451068922862
616,wellbore_chev_no_19_365,55.575775951181086
617,wellbore_chev_no_19_366,34.4025660546143
618,wellbore_chev_no_19_367,31.026405548435758
619,wellbore_chev_no_19_368,31.080557028875358
620,wellbore_chev_no_19_369,31.474588707964937
621,wellbore_chev_no_19_370,44.54183460392569
622,wellbore_chev_no_19_371,36.16929756038844
623,wellbore_chev_no_19_372,35.83584499700048
624,wellbore_chev_no_19_373,29.938493365341866
625,wellbore_chev_no_19_374,39.61358585120148
626,wellbore_chev_no_19_375,32.174047021588436
627,wellbore_chev_no_19_376,32.730747864782074
628,wellbore_chev_no_19_377,28.965544587612296
629,wellbore_chev_no_19_378,31.067432913318097
630,wellbore_chev_no_19_379,33.386702080858996
631,wellbore_chev_no_19_380,32.21996638127524
632,wellbore_chev_no_19_381,29.843482355221493
633,wellbore_chev_no_19_382,30.04860856155228
634,wellbore_chev_no_19_383,48.32478190081541
635,wellbore_chev_no_19_384,39.83702465313637
636,wellbore_chev_no_19_385,35.388365997291544
637,wellbore_chev_no_19_386,32.481722903352804
638,wellbore_chev_no_19_387,30.848141214984178
639,wellbore_chev_no_19_388,124.01994554089231
640,wellbore_chev_no_19_389,121.08265111363684
641,wellbore_chev_no_19_390,135.41730347720417
642,wellbore_chev_no_19_391,157.40332571791757
643,wellbore_chev_no_19_392,153.9157611936428
644,wellbore_chev_no_19_393,229.67731278452433
645,wellbore_chev_no_19_394,228.88044751088987
646,wellbore_chev_no_19_395,176.54654318752262
647,wellbore_chev_no_19_396,268.45131938356354
648,wellbore_chev_no_19_397,287.9536378266191
649,wellbore_chev_no_19_398,275.0045268282999
650,wellbore_chev_no_19_399,296.3921896064906
651,wellbore_chev_no_19_400,346.7317402207031
652,wellbore_chev_no_19_401,352.0964504405138
653,wellbore_chev_no_19_402,353.24602271991995
654,wellbore_chev_no_19_403,345.51249363156836
655,wellbore_chev_no_19_404,357.8857683404993
656,wellbore_chev_no_19_405,361.06086520653827
657,wellbore_chev_no_19_406,365.2486229485749
658,wellbore_chev_no_19_407,369.7052653177405
659,wellbore_chev_no_19_408,325.8106155776654
660,wellbore_chev_no_19_409,383.3267809937924
661,wellbore_chev_no_19_410,390.46161727907315
662,wellbore_chev_no_19_411,389.1799859270715
663,wellbore_chev_no_19_412,368.4713249107707
664,wellbore_chev_no_19_413,384.6481132219405
665,wellbore_chev_no_19_414,390.9072069909166
666,wellbore_chev_no_19_415,388.1607184258067
667,wellbore_chev_no_19_416,386.26414006558804
668,wellbore_chev_no_19_417,353.31595439133713
669,wellbore_chev_no_19_418,383.06758834022804
670,wellbore_chev_no_19_419,387.49424887758073
671,wellbore_chev_no_19_420,386.6172932140129
672,wellbore_chev_no_19_421,363.8204753612219
673,wellbore_chev_no_19_422,376.16021136355977
674,wellbore_chev_no_19_423,380.4480700688759
675,wellbore_chev_no_19_424,384.9381415762217
676,wellbore_chev_no_19_425,367.231814854467
677,wellbore_chev_no_19_426,327.72018462289435
678,wellbore_chev_no_19_427,359.47410690123957
679,wellbore_chev_no_19_428,344.71013116992964
680,wellbore_chev_no_19_429,344.93642386414115
681,wellbore_chev_no_19_430,342.6678099016787
682,wellbore_chev_no_19_431,378.49276230749547
683,wellbore_chev_no_19_432,376.21611501555327
684,wellbore_chev_no_19_433,372.77367386901386
685,wellbore_chev_no_19_434,349.08610398570374
686,wellbore_chev_no_19_435,364.59076517477973
687,wellbore_chev_no_19_436,376.1659144677696
688,wellbore_chev_no_19_437,381.9743625742221
689,wellbore_chev_no_19_438,380.4295764667203
690,wellbore_chev_no_19_439,336.53173356942534
691,wellbore_chev_no_19_440,351.45029802456213
692,wellbore_chev_no_19_441,355.6430171635345
693,wellbore_chev_no_19_442,363.9025807479295
694,wellbore_chev_no_19_443,342.638578177708
695,wellbore_chev_no_19_444,330.85473503657846
696,wellbore_chev_no_19_445,362.24919080040155
697,wellbore_chev_no_19_446,370.4958495979422
698,wellbore_chev_no_19_447,368.5809822619378
699,wellbore_chev_no_19_448,332.3592260404862
700,wellbore_chev_no_19_449,371.8205411188067
701,wellbore_chev_no_19_450,371.3508739879988
702,wellbore_chev_no_19_451,371.29205573987923
703,wellbore_chev_no_19_452,342.84348177006683
704,wellbore_chev_no_19_453,342.69666764875285
705,wellbore_chev_no_19_454,357.5550741071524
706,wellbore_chev_no_19_455,365.03680090615495
707,wellbore_chev_no_19_456,365.16427149994104
708,wellbore_chev_no_19_457,330.61643519344267
709,wellbore_chev_no_19_458,365.18004813758444
710,wellbore_chev_no_19_459,368.32951528066013
711,wellbore_chev_no_19_460,369.9602376917966
712,wellbore_chev_no_19_461,344.2707103385656
713,wellbore_chev_no_19_462,353.6171156837574
714,wellbore_chev_no_19_463,353.4881865459719
715,wellbore_chev_no_19_464,352.6285455205178
716,wellbore_chev_no_19_465,361.08061907204404
717,wellbore_chev_no_19_466,318.31755221732453
718,wellbore_chev_no_19_467,356.5229315094527
719,wellbore_chev_no_19_468,361.6972623438905
720,wellbore_chev_no_19_469,365.6161067563184
721,wellbore_chev_no_19_470,326.69650930799156
722,wellbore_chev_no_19_471,361.27297863273543
723,wellbore_chev_no_19_472,370.0667721328067
724,wellbore_chev_no_19_473,371.8753302581888
725,wellbore_chev_no_19_474,358.08730418420885
726,wellbore_chev_no_19_475,342.3544267374828
727,wellbore_chev_no_19_476,360.6546846202931
728,wellbore_chev_no_19_477,362.4719522027427
729,wellbore_chev_no_19_478,361.43875149626354
730,wellbore_chev_no_19_479,309.7660380997874
731,wellbore_chev_no_19_480,331.3775877779097
732,wellbore_chev_no_19_481,328.68705269812807
733,wellbore_chev_no_19_482,337.95701771119053
734,wellbore_chev_no_19_483,333.02117544439454
735,wellbore_chev_no_19_484,334.29019931655176
736,wellbore_chev_no_19_485,356.06368872068134
737,wellbore_chev_no_19_486,366.70878124982715
738,wellbore_chev_no_19_487,362.0013629661633
739,wellbore_chev_no_19_488,318.31778388864706
740,wellbore_chev_no_19_489,344.8438594661286
741,wellbore_chev_no_19_490,355.53712726111024
742,wellbore_chev_no_19_491,363.0303228728271
743,wellbore_chev_no_19_492,334.9863247224025
744,wellbore_chev_no_19_493,342.79701572834597
745,wellbore_chev_no_19_494,341.2330665157601
746,wellbore_chev_no_19_495,342.33046044390454
747,wellbore_chev_no_19_496,362.32445446793605
748,wellbore_chev_no_19_497,299.30876725729206
749,wellbore_chev_no_19_498,317.7410318618517
750,wellbore_chev_no_19_499,341.62711995206143
751,wellbore_chev_no_19_500,354.03612902386817
752,wellbore_chev_no_19_501,331.47986279747823
753,wellbore_chev_no_19_502,258.849616754151
754,wellbore_chev_no_19_503,266.42458969661755
755,wellbore_chev_no_19_504,345.07699306160356
756,wellbore_chev_no_19_505,345.5072603146839
757,wellbore_chev_no_19_506,308.60415565714
758,wellbore_chev_no_19_507,315.57837059544755
759,wellbore_chev_no_19_508,317.5567673191055
760,wellbore_chev_no_19_509,313.9238776472945
761,wellbore_chev_no_19_510,320.1433986507922
762,wellbore_chev_no_19_511,318.91085036584474
763,wellbore_chev_no_19_512,329.06265391658724
764,wellbore_chev_no_19_513,343.49053068815704
765,wellbore_chev_no_19_514,346.07909417988515
766,wellbore_chev_no_19_515,307.6764555040957
767,wellbore_chev_no_19_516,303.7972067906338
768,wellbore_chev_no_19_517,318.8790282802084
769,wellbore_chev_no_19_518,327.895850639617
770,wellbore_chev_no_19_519,314.3081881138637
771,wellbore_chev_no_19_520,313.91488897459374
772,wellbore_chev_no_19_521,311.78389145280414
773,wellbore_chev_no_19_522,324.6110634625241
774,wellbore_chev_no_19_523,305.3290709839717
775,wellbore_chev_no_19_524,318.3034753166456
776,wellbore_chev_no_19_525,319.8947376865004
777,wellbore_chev_no_19_526,325.69253476426036
778,wellbore_chev_no_19_527,340.8845996317005
779,wellbore_chev_no_19_528,304.8519406170151
780,wellbore_chev_no_19_529,308.1425020650279
781,wellbore_chev_no_19_530,324.40306773755447
782,wellbore_chev_no_19_531,337.66041845225305
783,wellbore_chev_no_19_532,338.6762765793685
784,wellbore_chev_no_19_533,305.77847586195594
785,wellbore_chev_no_19_534,317.4836055520031
786,wellbore_chev_no_19_535,320.04503316669786
787,wellbore_chev_no_19_536,325.2283391709814
788,wellbore_chev_no_19_537,306.51438344266825
789,wellbore_chev_no_19_538,321.38484202219354
790,wellbore_chev_no_19_539,330.76104924217174
791,wellbore_chev_no_19_540,343.959780899901
792,wellbore_chev_no_19_541,313.6272746197306
793,wellbore_chev_no_19_542,325.2280699755881
794,wellbore_chev_no_19_543,302.8570965821348
795,wellbore_chev_no_19_544,328.08035769445604
796,wellbore_chev_no_19_545,350.89515726658664
797,wellbore_chev_no_19_546,273.60327554833594
798,wellbore_chev_no_19_547,285.04607040286584
799,wellbore_chev_no_19_548,292.2918055886981
800,wellbore_chev_no_19_549,308.21313808964817
801,wellbore_chev_no_19_550,277.6585686481764
802,wellbore_chev_no_19_551,285.72908171386194
803,wellbore_chev_no_19_552,308.0599472909019
804,wellbore_chev_no_19_553,321.97730465802755
805,wellbore_chev_no_19_554,333.1527204854684
806,wellbore_chev_no_19_555,281.65158929838714
807,wellbore_chev_no_19_556,304.03661424820405
808,wellbore_chev_no_19_557,310.88774086515207
809,wellbore_chev_no_19_558,326.8150624369641
810,wellbore_chev_no_19_559,299.0099028263319
811,wellbore_chev_no_19_560,305.96268360491774
812,wellbore_chev_no_19_561,310.41875147564167
813,wellbore_chev_no_19_562,326.90440067056164
814,wellbore_chev_no_19_563,322.4357211945075
815,wellbore_chev_no_19_564,265.09177235665237
816,wellbore_chev_no_19_565,293.0242363778734
817,wellbore_chev_no_19_566,303.8051181455619
818,wellbore_chev_no_19_567,318.1169173614645
819,wellbore_chev_no_19_568,282.4260986114988
820,wellbore_chev_no_19_569,273.17109957545733
821,wellbore_chev_no_19_570,293.3390315343941
822,wellbore_chev_no_19_571,297.45601259328475
823,wellbore_chev_no_19_572,291.8927266509739
824,wellbore_chev_no_19_573,253.65040152875812
825,wellbore_chev_no_19_574,257.5581858610431
826,wellbore_chev_no_19_575,266.8930019201758
827,wellbore_chev_no_19_576,282.6966650497104
828,wellbore_chev_no_19_577,263.6900775377778
829,wellbore_chev_no_19_578,277.6656187065781
830,wellbore_chev_no_19_579,284.2248370967699
831,wellbore_chev_no_19_580,290.6557996925125
832,wellbore_chev_no_19_581,279.7404227394888
833,wellbore_chev_no_19_582,233.51778986954898
834,wellbore_chev_no_19_583,241.45041662489072
835,wellbore_chev_no_19_584,241.9883560131043
836,wellbore_chev_no_19_585,248.18331615061746
837,wellbore_chev_no_19_586,257.32842715805504
838,wellbore_chev_no_19_587,285.8217078402045
839,wellbore_chev_no_19_588,300.005009729025
840,wellbore_chev_no_19_589,310.61361341861857
841,wellbore_chev_no_19_590,301.29853989822846
842,wellbore_chev_no_19_591,302.9681289539626
843,wellbore_chev_no_19_592,313.4461407161511
844,wellbore_chev_no_19_593,321.9233654941956
845,wellbore_chev_no_19_594,329.20097378205054
846,wellbore_chev_no_19_595,305.1838785827946
847,wellbore_chev_no_19_596,314.59233091008923
848,wellbore_chev_no_19_597,328.420472637873
849,wellbore_chev_no_19_598,340.30626301118264
850,wellbore_chev_no_19_599,317.9169013519153
851,wellbore_chev_no_19_600,305.1261374111684
852,wellbore_chev_no_19_601,311.06671781086845
853,wellbore_chev_no_19_602,313.75244668432344
854,wellbore_chev_no_19_603,319.9470246382853
855,wellbore_chev_no_19_604,280.4247952345148
856,wellbore_chev_no_19_605,324.94959307562937
857,wellbore_chev_no_19_606,333.9160768282268
858,wellbore_chev_no_19_607,341.75422537708306
859,wellbore_chev_no_19_608,314.47617054824383
860,wellbore_chev_no_19_609,308.9178301197039
861,wellbore_chev_no_19_610,310.4337485227301
862,wellbore_chev_no_19_611,322.5330214037209
863,wellbore_chev_no_19_612,332.6609799035377
864,wellbore_chev_no_19_613,302.0506705899979
865,wellbore_chev_no_19_614,308.31064180157796
866,wellbore_chev_no_19_615,315.12128526752934
867,wellbore_chev_no_19_616,319.2611591088149
868,wellbore_chev_no_19_617,299.8402146792325
869,wellbore_chev_no_19_618,300.9959364231616
870,wellbore_chev_no_19_619,310.06978788410123
871,wellbore_chev_no_19_620,318.4507525632451
872,wellbore_chev_no_19_621,320.4185474676231
873,wellbore_chev_no_19_622,294.03527938611984
874,wellbore_chev_no_19_623,299.0650615855364
875,wellbore_chev_no_19_624,303.3861898212098
876,wellbore_chev_no_19_625,310.76354666072547
877,wellbore_chev_no_19_626,285.06054577747676
878,wellbore_chev_no_19_627,286.89701340564915
879,wellbore_chev_no_19_628,294.077213274889
880,wellbore_chev_no_19_629,298.6137950585011
881,wellbore_chev_no_19_630,276.3258796855516
882,wellbore_chev_no_19_631,267.04680792457367
883,wellbore_chev_no_19_632,280.45916337213237
884,wellbore_chev_no_19_633,293.5971615792874
885,wellbore_chev_no_19_634,303.073410994157
886,wellbore_chev_no_19_635,281.1758605231284
887,wellbore_chev_no_19_636,295.45998446364473
888,wellbore_chev_no_19_637,307.67754783775433
889,wellbore_chev_no_19_638,292.6681221754365
890,wellbore_chev_no_19_639,278.95416100283455
891,wellbore_chev_no_19_640,276.49222993757274
892,wellbore_chev_no_19_641,277.0239426429669
893,wellbore_chev_no_19_642,278.13144604425884
894,wellbore_chev_no_19_643,256.12468810159453
895,wellbore_chev_no_19_644,24.908635942624937
896,wellbore_chev_no_19_645,58.25736144325752
897,wellbore_chev_no_19_646,39.340939292177815
898,wellbore_chev_no_19_647,45.47344449003917
899,wellbore_chev_no_19_648,48.27799989551912
900,wellbore_chev_no_19_649,39.89064139074029
901,wellbore_chev_no_19_650,51.57354292765439
902,wellbore_chev_no_19_651,58.434101296231646
903,wellbore_chev_no_19_652,69.78049628596328
904,wellbore_chev_no_19_653,38.593099175158365
905,wellbore_chev_no_19_654,20.311036071866173
906,wellbore_chev_no_19_655,27.619658423331828
907,wellbore_chev_no_19_656,21.555314481094538
908,wellbore_chev_no_19_657,34.65834212530943
909,wellbore_chev_no_19_658,24.11219491895033
910,wellbore_chev_no_19_659,17.66917372338141
911,wellbore_chev_no_19_660,31.745232217645206
912,wellbore_chev_no_19_661,29.487761868402306
913,wellbore_chev_no_19_662,34.12529867811472
914,wellbore_chev_no_19_663,37.38055567945217
915,wellbore_chev_no_19_664,30.0054608775062
916,wellbore_chev_no_19_665,27.56144026077184
917,wellbore_chev_no_19_666,26.11322827215001
918,wellbore_chev_no_19_667,22.328621217133733
919,wellbore_chev_no_19_668,26.08138063077146
920,wellbore_chev_no_19_669,23.19864541278305
921,wellbore_chev_no_19_670,19.56874775718275
922,wellbore_chev_no_19_671,17.813697356161118
923,wellbore_chev_no_19_672,20.26467791054358
924,wellbore_chev_no_19_673,23.07212585224288
925,wellbore_chev_no_19_674,30.350035111518235
926,wellbore_chev_no_19_675,25.48443022956687
927,wellbore_chev_no_19_676,27.633646875359652
928,wellbore_chev_no_19_677,22.685341850037393
929,wellbore_chev_no_19_678,40.87730099844802
930,wellbore_chev_no_19_679,42.133003581013845
931,wellbore_chev_no_19_680,44.58829928089526
932,wellbore_chev_no_19_681,47.47162433004451
933,wellbore_chev_no_19_682,26.08842303996211
934,wellbore_chev_no_19_683,30.559282731996344
935,wellbore_chev_no_19_684,35.85104077434848
936,wellbore_chev_no_19_685,33.749491996342435
937,wellbore_chev_no_19_686,41.04400742324842
938,wellbore_chev_no_19_687,61.36372006785695
939,wellbore_chev_no_19_688,49.42166690853242
940,wellbore_chev_no_19_689,42.91650955334963
941,wellbore_chev_no_19_690,33.30438218016584
942,wellbore_chev_no_19_691,38.83901368370745
943,wellbore_chev_no_19_692,37.465231002170945
944,wellbore_chev_no_19_693,32.18157540223446
945,wellbore_chev_no_19_694,32.33435380181942
946,wellbore_chev_no_19_695,45.446582832754615
947,wellbore_chev_no_19_696,41.40993678039502
948,wellbore_chev_no_19_697,33.42251924038574
949,wellbore_chev_no_19_698,32.61229021895543
950,wellbore_chev_no_19_699,41.44166596359956
951,wellbore_chev_no_19_700,59.19869511696076
952,wellbore_chev_no_19_701,51.02367715067829
953,wellbore_chev_no_19_702,41.50050948521925
954,wellbore_chev_no_19_703,39.99073797150597
955,wellbore_chev_no_19_704,56.27377601836725
956,wellbore_chev_no_19_705,52.99147574904858
957,wellbore_chev_no_19_706,53.21765882821207
958,wellbore_chev_no_19_707,33.87380056224404
959,wellbore_chev_no_19_708,33.34144590277744
960,wellbore_chev_no_19_709,42.020139814441514
961,wellbore_chev_no_19_710,37.26137780521577
962,wellbore_chev_no_19_711,36.85907617817429
963,wellbore_chev_no_19_712,33.83697570271143
964,wellbore_chev_no_19_713,42.6409246894315
965,wellbore_chev_no_19_714,35.313391695190944
966,wellbore_chev_no_19_715,33.37870981023518
967,wellbore_chev_no_19_716,33.86695563364854
968,wellbore_chev_no_19_717,33.348449102030415
969,wellbore_chev_no_19_718,33.89506008698934
970,wellbore_chev_no_19_719,39.42543392347952
971,wellbore_chev_no_19_720,37.44213932680444
972,wellbore_chev_no_19_721,40.06851595095072
973,wellbore_chev_no_19_722,34.15755697271664
974,wellbore_chev_no_19_723,34.40967594295555
975,wellbore_chev_no_19_724,34.48037593379234
976,wellbore_chev_no_19_725,34.57487983708808
977,wellbore_chev_no_19_726,35.1189466223236
978,wellbore_chev_no_19_727,35.8403992113275
979,wellbore_chev_no_19_728,44.51798341666989
980,wellbore_chev_no_19_729,69.78819070405777
981,wellbore_chev_no_19_730,41.54535514515186
982,wellbore_chev_no_19_731,47.15269126728653
983,wellbore_chev_no_19_732,40.1011731993777
984,wellbore_chev_no_19_733,38.40269130412804
985,wellbore_chev_no_19_734,31.32243196403858
986,wellbore_chev_no_19_735,31.0908927520364
987,wellbore_chev_no_19_736,32.71563077654165
988,wellbore_chev_no_19_737,31.755795440131898
989,wellbore_chev_no_19_738,31.836848895751285
990,wellbore_chev_no_19_739,33.93467203124527
991,wellbore_chev_no_19_740,31.791931385973218
992,wellbore_chev_no_19_741,32.0472727699705
993,wellbore_chev_no_19_742,35.13392092018543
994,wellbore_chev_no_19_743,43.130512600070475
995,wellbore_chev_no_19_744,33.71144943809412
996,wellbore_chev_no_19_745,32.67400807503021
997,wellbore_chev_no_19_746,32.86231917248755
998,wellbore_chev_no_19_747,35.27324860487093
999,wellbore_chev_no_19_748,33.018742615314665
1000,wellbore_chev_no_19_749,32.441568362695286
1001,wellbore_chev_no_19_750,34.845458264240975
1002,wellbore_chev_no_19_751,32.574115056309886
1003,wellbore_chev_no_19_752,33.331488220966705
1004,wellbore_chev_no_19_753,33.30003178052134
1005,wellbore_chev_no_19_754,33.45315959821866
1006,wellbore_chev_no_19_755,33.735780321340584
1007,wellbore_chev_no_19_756,35.17976963043321
1008,wellbore_chev_no_19_757,36.899481241626056
1009,wellbore_chev_no_19_758,35.51112108100948
1010,wellbore_chev_no_19_759,41.76450940826359
1011,wellbore_chev_no_19_760,44.46345473088991
1012,wellbore_chev_no_19_761,45.1635227267597
1013,wellbore_chev_no_19_762,33.31885218655903
1014,wellbore_chev_no_19_763,34.09711106235789
1015,wellbore_chev_no_19_764,34.1906362640411
1016,wellbore_chev_no_19_765,38.18785502104319
1017,wellbore_chev_no_19_766,34.21883576425699
1018,wellbore_chev_no_19_767,45.27336985615661
1019,wellbore_chev_no_19_768,34.23646498259713
1020,wellbore_chev_no_19_769,34.61438368105913
1021,wellbore_chev_no_19_770,34.68974465523014
1022,wellbore_chev_no_19_771,34.467032940929286
1023,wellbore_chev_no_19_772,34.817765092331
1024,wellbore_chev_no_19_773,35.54425797555308
1025,wellbore_chev_no_19_774,38.51442976042989
1026,wellbore_chev_no_19_775,56.97462533226698
1027,wellbore_chev_no_19_776,44.05950446901702
1028,wellbore_chev_no_19_777,34.92266635511234
1029,wellbore_chev_no_19_778,35.077328040893036
1030,wellbore_chev_no_19_779,35.16762036513348
1031,wellbore_chev_no_19_780,47.57926055140624
1032,wellbore_chev_no_19_781,35.301881541311204
1033,wellbore_chev_no_19_782,35.53343709290641
1034,wellbore_chev_no_19_783,35.86270104805182
1035,wellbore_chev_no_19_784,35.85071321092876
1036,wellbore_chev_no_19_785,35.60113179163416
1037,wellbore_chev_no_19_786,43.123562748839674
1038,wellbore_chev_no_19_787,35.976682596995545
1039,wellbore_chev_no_19_788,36.137099695336275
1040,wellbore_chev_no_19_789,36.35117764179793
1041,wellbore_chev_no_19_790,36.484031448774495
1042,wellbore_chev_no_19_791,36.24864614081224
1043,wellbore_chev_no_19_792,44.61413929991818
1044,wellbore_chev_no_19_793,38.81669910794292
1045,wellbore_chev_no_19_794,37.11416945750434
1046,wellbore_chev_no_19_795,39.55201880173789
1047,wellbore_chev_no_19_796,40.7217852874402
1048,wellbore_chev_no_19_797,35.798043449607135
1049,wellbore_chev_no_19_798,43.56224894428946
1050,wellbore_chev_no_19_799,47.17226994075192
1051,wellbore_chev_no_19_800,49.51287689995354
1052,wellbore_chev_no_19_801,51.31353171262417
1053,wellbore_chev_no_19_802,39.28833060747734
1054,wellbore_chev_no_19_803,37.89488952201993
1055,wellbore_chev_no_19_804,37.910270442169086
1056,wellbore_chev_no_19_805,45.034660102412374
1057,wellbore_chev_no_19_806,47.51422329833218
1058,wellbore_chev_no_19_807,38.44394834325847
1059,wellbore_chev_no_19_808,42.198197219031265
1060,wellbore_chev_no_19_809,41.218922957444164
1061,wellbore_chev_no_19_810,38.295242059862346
1062,wellbore_chev_no_19_811,34.46134029939061
1063,wellbore_chev_no_19_812,38.594276282949096
1064,wellbore_chev_no_19_813,38.98665776059623
1065,wellbore_chev_no_19_814,39.26692038228523
1066,wellbore_chev_no_19_815,49.4313308347001
1067,wellbore_chev_no_19_816,54.32406511012422
1068,wellbore_chev_no_19_817,53.29535279237308
1069,wellbore_chev_no_7_277,37.97341159219151
1070,wellbore_chev_no_7_278,51.04378228614725
1071,wellbore_chev_no_7_279,30.387319229675523
1072,wellbore_chev_no_7_280,52.080427484135825
1073,wellbore_chev_no_7_281,53.712334328203426
1074,wellbore_chev_no_7_282,39.24305468122192
1075,wellbore_chev_no_7_283,65.22726635116312
1076,wellbore_chev_no_7_284,79.91585967852386
1077,wellbore_chev_no_7_285,79.28965839100617
1078,wellbore_chev_no_7_286,132.13999669870753
1079,wellbore_chev_no_7_287,143.41797169463868
1080,wellbore_chev_no_7_288,133.48615307704685
1081,wellbore_chev_no_7_289,133.37235657102798
1082,wellbore_chev_no_7_290,133.34840040153745
1083,wellbore_chev_no_7_291,132.4061266608209
1084,wellbore_chev_no_7_292,131.97249670082167
1085,wellbore_chev_no_7_293,131.09675639865927
1086,wellbore_chev_no_7_294,131.3826976115608
1087,wellbore_chev_no_7_295,121.01174950117742
1088,wellbore_chev_no_7_296,81.84915809592452
1089,wellbore_chev_no_7_297,81.56609142673376
1090,wellbore_chev_no_7_298,81.56540010740868
1091,wellbore_chev_no_7_299,85.28549496150596
1092,wellbore_chev_no_7_300,56.16030902395106
1093,wellbore_chev_no_7_301,57.138041020057486
1094,wellbore_chev_no_7_302,56.8810148448823
1095,wellbore_chev_no_7_303,50.69871671077094
1096,wellbore_chev_no_7_304,56.378542221393374
1097,wellbore_chev_no_7_305,44.57633920454704
1098,wellbore_chev_no_7_306,49.80058031222585
1099,wellbore_chev_no_7_307,46.29322858809677
1100,wellbore_chev_no_7_308,52.348282923836635
1101,wellbore_chev_no_7_309,49.46087324218952
1102,wellbore_chev_no_7_310,61.62896595100797
1103,wellbore_chev_no_7_311,63.2642983292708
1104,wellbore_chev_no_7_312,60.64352828904465
1105,wellbore_chev_no_7_313,45.855518289257404
1106,wellbore_chev_no_7_314,71.3636156500284
1107,wellbore_chev_no_7_315,49.2515815712501
1108,wellbore_chev_no_7_316,54.28726758801561
1109,wellbore_chev_no_7_317,49.3557283597175
1110,wellbore_chev_no_7_318,58.82918114328457
1111,wellbore_chev_no_7_319,58.07411780346463
1112,wellbore_chev_no_7_320,56.60834553796623
1113,wellbore_chev_no_7_321,53.29677177678683
1114,wellbore_chev_no_7_322,51.661675652160326
1115,wellbore_chev_no_7_323,59.571772957209745
1116,wellbore_chev_no_7_324,47.881396619607656
1117,wellbore_chev_no_7_325,50.66114996530037
1118,wellbore_chev_no_7_326,49.25876261999197
1119,wellbore_chev_no_7_327,46.21081385040661
1120,wellbore_chev_no_7_328,63.46144724982035
1121,wellbore_chev_no_7_329,40.238101455142456
1122,wellbore_chev_no_7_330,35.495960549154475
1123,wellbore_chev_no_7_331,42.90199095265372
1124,wellbore_chev_no_7_332,43.32037955449975
1125,wellbore_chev_no_7_333,42.10501703550467
1126,wellbore_chev_no_7_334,35.28437410516513
1127,wellbore_chev_no_7_335,42.52614856764261
1128,wellbore_chev_no_7_336,47.96281457151768
1129,wellbore_chev_no_7_337,46.587557323848856
1130,wellbore_chev_no_7_338,45.14441971581634
1131,wellbore_chev_no_7_339,33.71187016740204
1132,wellbore_chev_no_7_340,50.956835039439355
1133,wellbore_chev_no_7_341,55.70837027195368
1134,wellbore_chev_no_7_342,63.944383334456106
1135,wellbore_chev_no_7_343,41.199209726372985
1136,wellbore_chev_no_7_344,61.467151084176166
1137,wellbore_chev_no_7_345,81.2863040075856
1138,wellbore_chev_no_7_346,111.65796887357352
1139,wellbore_chev_no_7_347,73.41435722857348
1140,wellbore_chev_no_7_348,44.467718583479225
1141,wellbore_chev_no_7_349,56.649053793359045
1142,wellbore_chev_no_7_350,62.63491261447079
1143,wellbore_chev_no_7_354,65.66766088098085
1144,wellbore_chev_no_7_355,68.8644332180147
1145,wellbore_chev_no_7_356,61.084487273423136
1146,wellbore_chev_no_7_357,46.874669128793286
1147,wellbore_chev_no_7_358,39.732656478568956
1148,wellbore_chev_no_7_359,59.26621636564373
1149,wellbore_chev_no_7_360,45.866606447795036
1150,wellbore_chev_no_7_361,83.16559347935909
1151,wellbore_chev_no_7_362,61.493188354725035
1152,wellbore_chev_no_7_363,69.2834387741923
1153,wellbore_chev_no_7_364,122.47694606964838
1154,wellbore_chev_no_7_365,61.10416161207915
1155,wellbore_chev_no_7_366,101.61000240213086
1156,wellbore_chev_no_7_367,101.47415439880614
1157,wellbore_chev_no_7_368,100.91346782936607
1158,wellbore_chev_no_7_369,100.54243654507373
1159,wellbore_chev_no_7_370,91.70207344778133
1160,wellbore_chev_no_7_371,90.06995228720685
1161,wellbore_chev_no_7_372,90.01883297466394
1162,wellbore_chev_no_7_373,93.4356443439875
1163,wellbore_chev_no_7_374,109.40421587114467
1164,wellbore_chev_no_7_375,108.07966157682105
1165,wellbore_chev_no_7_376,107.29815439758835
1166,wellbore_chev_no_7_377,106.75653905445547
1167,wellbore_chev_no_7_378,106.94592646065288
1168,wellbore_chev_no_7_379,107.75821648543136
1169,wellbore_chev_no_7_380,106.77344689723165
1170,wellbore_chev_no_7_381,105.96433258227026
1171,wellbore_chev_no_7_382,104.58778876154467
1172,wellbore_chev_no_7_383,104.1257385677157
1173,wellbore_chev_no_7_390,110.18423411344995
1174,wellbore_chev_no_7_391,110.10477420392151
1175,wellbore_chev_no_7_392,110.32693155071553
1176,wellbore_chev_no_7_393,109.43343999972006
1177,wellbore_chev_no_7_394,108.68638345856503
1178,wellbore_chev_no_7_395,107.58470515255918
1179,wellbore_chev_no_7_396,90.87945839948311
1180,wellbore_chev_no_7_397,98.68581115344176
1181,wellbore_chev_no_7_398,98.60199524567098
1182,wellbore_chev_no_7_399,98.33145484235908
1183,wellbore_chev_no_7_400,98.37868679022516
1184,wellbore_chev_no_7_401,97.41336918400489
1185,wellbore_chev_no_7_402,118.61891497304376
1186,wellbore_chev_no_7_403,105.48094582984429
1187,wellbore_chev_no_7_404,103.4032433237099
1188,wellbore_chev_no_7_405,102.56877966000025
1189,wellbore_chev_no_7_406,130.21746545835643
1190,wellbore_chev_no_7_407,129.37422156816112
1191,wellbore_chev_no_7_408,124.19356442949055
1192,wellbore_chev_no_7_409,117.60291177882264
1193,wellbore_chev_no_7_410,133.26576380593227
1194,wellbore_chev_no_7_411,131.02096478541776
1195,wellbore_chev_no_7_412,124.58432850244145
1196,wellbore_chev_no_7_413,123.42877390127727
1197,wellbore_chev_no_7_414,124.81844229022792
1198,wellbore_chev_no_7_415,122.18314391398965
1199,wellbore_chev_no_7_416,113.48246898683192
1200,wellbore_chev_no_7_417,127.07333532013593
1201,wellbore_chev_no_7_418,127.14697674514954
1202,wellbore_chev_no_7_419,130.5969959425212
1203,wellbore_chev_no_7_420,129.98688593702778
1204,wellbore_chev_no_7_421,129.36577352690165
1205,wellbore_chev_no_7_422,127.74713361209527
1206,wellbore_chev_no_7_423,127.43890066674855
1207,wellbore_chev_no_7_424,134.58412729786133
1208,wellbore_chev_no_7_425,126.8612754310859
1209,wellbore_chev_no_7_426,122.69842474687773
1210,wellbore_chev_no_7_427,123.7520649024176
1211,wellbore_chev_no_7_428,123.86284308652182
1212,wellbore_chev_no_7_429,121.83506962434096
1213,wellbore_chev_no_7_430,120.29261139664256
1214,wellbore_chev_no_7_431,120.00657234495421
1215,wellbore_chev_no_7_432,122.75335240991765
1216,wellbore_chev_no_7_433,121.4174467696413
1217,wellbore_chev_no_7_434,120.50537538683024
1218,wellbore_chev_no_7_435,117.62723584634995
1219,wellbore_chev_no_7_436,120.71284798040747
1220,wellbore_chev_no_7_437,121.01531148060451
1221,wellbore_chev_no_7_438,120.31289362815407
1222,wellbore_chev_no_7_439,119.64851198281256
1223,wellbore_chev_no_7_440,119.077936240419
1224,wellbore_chev_no_7_441,121.105055326853
1225,wellbore_chev_no_7_442,119.73674033453722
1226,wellbore_chev_no_7_443,119.35445635762423
1227,wellbore_chev_no_7_444,118.68465863049666
1228,wellbore_chev_no_7_445,117.50783931232579
1229,wellbore_chev_no_7_446,116.10013057826615
1230,wellbore_chev_no_7_447,117.492811958215
1231,wellbore_chev_no_7_448,115.52460432465871
1232,wellbore_chev_no_7_449,113.99608502241342
1233,wellbore_chev_no_7_450,116.22981117287898
1234,wellbore_chev_no_7_451,114.69201659398458
1235,wellbore_chev_no_7_452,114.32941931784121
1236,wellbore_chev_no_7_453,113.43344183460025
1237,wellbore_chev_no_7_454,113.58145959245597
1238,wellbore_chev_no_7_455,112.42015910072685
1239,wellbore_chev_no_7_456,112.10555059913519
1240,wellbore_chev_no_7_457,111.69641405710591
1241,wellbore_chev_no_7_458,111.0882096850965
1242,wellbore_chev_no_7_459,111.51990602595141
1243,wellbore_chev_no_7_460,103.33868739115077
1244,wellbore_chev_no_7_461,108.95261517546125
1245,wellbore_chev_no_7_462,103.1109507992662
1246,wellbore_chev_no_7_463,110.96684898435909
1247,wellbore_chev_no_7_464,108.46010243462294
1248,wellbore_chev_no_7_465,103.83513522717799
1249,wellbore_chev_no_7_466,108.42328966133478
1250,wellbore_chev_no_7_467,108.30486878432403
1251,wellbore_chev_no_7_468,108.25164660158713
1252,wellbore_chev_no_7_469,103.36972715790483
1253,wellbore_chev_no_7_470,103.34234054184421
1254,wellbore_chev_no_7_471,104.28686548392106
1255,wellbore_chev_no_7_472,108.28047620794727
1256,wellbore_chev_no_7_473,107.51624558328149
1257,wellbore_chev_no_7_474,93.74580000505243
1258,wellbore_chev_no_7_475,101.32491755255755
1259,wellbore_chev_no_7_476,103.86900622706382
1260,wellbore_chev_no_7_477,107.10979653676434
1261,wellbore_chev_no_7_478,106.0172789922516
1262,wellbore_chev_no_7_479,104.2038987551992
1263,wellbore_chev_no_7_480,105.62378244122078
1264,wellbore_chev_no_7_481,105.24055966804198
1265,wellbore_chev_no_7_483,101.32567167769973
1266,wellbore_chev_no_7_484,100.18028068466893
1267,wellbore_chev_no_7_485,101.99088039965129
1268,wellbore_chev_no_7_486,100.1237191563932
1269,wellbore_chev_no_7_487,98.60078320774501
1270,wellbore_chev_no_7_488,83.77842886541195
1271,wellbore_chev_no_7_489,89.17801301995708
1272,wellbore_chev_no_7_490,97.94514448836229
1273,wellbore_chev_no_7_491,98.39615410529738
1274,wellbore_chev_no_7_492,97.61318203036511
1275,wellbore_chev_no_7_493,96.14923429780409
1276,wellbore_chev_no_7_494,97.45146363801926
1277,wellbore_chev_no_7_495,96.53654202328394
1278,wellbore_chev_no_7_496,95.9970763827181
1279,wellbore_chev_no_7_497,95.7225125205744
1280,wellbore_chev_no_7_498,94.02458850043526
1281,wellbore_chev_no_7_499,95.24606229834333
1282,wellbore_chev_no_7_500,87.9855122610053
1283,wellbore_chev_no_7_501,106.67279026093591
1284,wellbore_chev_no_7_502,108.90984566719676
1285,wellbore_chev_no_7_503,99.78423178055478
1286,wellbore_chev_no_7_504,99.63363935053906
1287,wellbore_chev_no_7_505,97.47381200555023
1288,wellbore_chev_no_7_506,96.41519964886594
1289,wellbore_chev_no_7_507,93.18608760660716
1290,wellbore_chev_no_7_508,87.31282462973861
1291,wellbore_chev_no_7_509,99.96968401551787
1292,wellbore_chev_no_7_510,99.7234902026231
1293,wellbore_chev_no_7_511,93.50813846129148
1294,wellbore_chev_no_7_512,97.82066824111813
1295,wellbore_chev_no_7_513,91.40227733671773
1296,wellbore_chev_no_7_514,95.36178031646875
1297,wellbore_chev_no_7_515,96.17346682928194
1298,wellbore_chev_no_7_516,94.89308553458483
1299,wellbore_chev_no_7_517,88.30499924973587
1300,wellbore_chev_no_7_518,80.22308778416176
1301,wellbore_chev_no_7_519,91.18342245145665
1302,wellbore_chev_no_7_520,93.9940272822543
1303,wellbore_chev_no_7_521,92.0526828672235
1304,wellbore_chev_no_7_522,86.18591686014727
1305,wellbore_chev_no_7_523,80.79460796318347
1306,wellbore_chev_no_7_524,86.75805057641587
1307,wellbore_chev_no_7_525,93.30364125140787
1308,wellbore_chev_no_7_526,91.16428505890305
1309,wellbore_chev_no_7_527,90.95374530793364
1310,wellbore_chev_no_7_528,82.03203536563208
1311,wellbore_chev_no_7_529,85.57261509037387
1312,wellbore_chev_no_7_530,31.09791604694777
1313,wellbore_chev_no_7_531,56.010261445367675
1314,wellbore_chev_no_7_532,55.06349251701234
1315,wellbore_chev_no_7_533,55.59132227790881
1316,wellbore_chev_no_7_534,59.48239946503209
1317,wellbore_chev_no_7_535,57.506227952469544
1318,wellbore_chev_no_7_536,58.464563703570086
1319,wellbore_chev_no_7_537,54.92061081990806
1320,wellbore_chev_no_7_538,60.23033909123187
1321,wellbore_chev_no_7_539,59.78946671417774
1322,wellbore_chev_no_7_540,59.997097367803796
1323,wellbore_chev_no_7_541,60.200571473583636
1324,wellbore_chev_no_7_542,59.53385421360757
1325,wellbore_chev_no_7_543,56.95315048326335
1326,wellbore_chev_no_7_544,60.48683510901991
1327,wellbore_chev_no_7_545,59.61155138679281
1328,wellbore_chev_no_7_546,50.29541419532525
1329,wellbore_chev_no_7_547,50.575344707675626
1330,wellbore_chev_no_7_548,49.89051012131284
1331,wellbore_chev_no_7_549,71.68588103935689
1332,wellbore_chev_no_7_550,100.73584107583918
1333,wellbore_chev_no_7_551,79.7120830021031
1334,wellbore_chev_no_7_552,64.20222758913064
1335,wellbore_chev_no_7_553,67.32745204802998
1336,wellbore_chev_no_7_554,87.19214031958609
1337,wellbore_chev_no_7_555,96.98925686105396
1338,wellbore_chev_no_7_556,88.35463938919814
1339,wellbore_chev_no_7_557,68.82161848919331
1340,wellbore_chev_no_7_558,87.03236176492236
1341,wellbore_chev_no_7_559,79.6191007671647
1342,wellbore_chev_no_7_560,79.03142261229189
1343,wellbore_chev_no_7_561,70.31738544093052
1344,wellbore_chev_no_7_562,88.21106520510472
1345,wellbore_chev_no_7_563,89.85195598892099
1346,wellbore_chev_no_7_564,88.34908024314723
1347,wellbore_chev_no_7_565,85.02130003883725
1348,wellbore_chev_no_7_566,55.442938707047304
1349,wellbore_chev_no_7_567,63.12453551909423
1350,wellbore_chev_no_7_568,64.8146167782556
1351,wellbore_chev_no_7_569,65.46766624559554
1352,wellbore_chev_no_7_570,58.143043596637625
1353,wellbore_chev_no_7_571,60.61829529023443
1354,wellbore_chev_no_7_572,58.451830329080536
1355,wellbore_chev_no_7_573,58.853334713433775
1356,wellbore_chev_no_7_574,36.91632877963995
1357,wellbore_chev_no_7_575,48.66288812726427
1358,wellbore_chev_no_7_576,55.563413474083994
1359,wellbore_chev_no_7_577,54.56442066765108
1360,wellbore_chev_no_7_578,53.7990827230083
1361,wellbore_chev_no_7_579,42.51221307057887
1362,wellbore_chev_no_7_580,54.56787968037355
1363,wellbore_chev_no_7_581,51.29477726413806
1364,wellbore_chev_no_7_582,51.09164458251518
1365,wellbore_chev_no_7_583,40.85106288146153
1366,wellbore_chev_no_7_584,66.4517293531282
1367,wellbore_chev_no_7_585,73.67134815774024
1368,wellbore_chev_no_7_586,76.27693365996525
1369,wellbore_chev_no_7_587,74.86370217608892
1370,wellbore_chev_no_7_588,49.95828886871722
1371,wellbore_chev_no_7_589,83.52046187439159
1372,wellbore_chev_no_7_590,88.02535182980021
1373,wellbore_chev_no_7_591,95.02596852663642
1374,wellbore_chev_no_7_592,68.12225670155857
1375,wellbore_chev_no_7_593,77.52379875537476
1376,wellbore_chev_no_7_594,68.12395126674242
1377,wellbore_chev_no_7_595,67.41647342155213
1378,wellbore_chev_no_7_596,70.9790082460029
1379,wellbore_chev_no_7_597,36.39859300834014
1380,wellbore_chev_no_7_598,41.0060511153878
1381,wellbore_chev_no_7_599,47.02790657519327
1382,wellbore_chev_no_7_600,43.35902920803304
1383,wellbore_chev_no_7_601,29.04835633304909
1384,wellbore_chev_no_7_602,59.9259287222582
1385,wellbore_chev_no_7_603,65.69609513650671
1386,wellbore_chev_no_7_604,65.6870416345824
1387,wellbore_chev_no_7_605,62.15725118077976
1388,wellbore_chev_no_7_606,31.00643451675426
1389,wellbore_chev_no_7_607,86.22880805562382
1390,wellbore_chev_no_7_608,88.85316688390996
1391,wellbore_chev_no_7_609,86.85297325465238
1392,wellbore_chev_no_7_610,64.28129976429433
1393,wellbore_chev_no_7_611,86.13836390810013
1394,wellbore_chev_no_7_612,86.76850166205229
1395,wellbore_chev_no_7_613,84.9329243089944
1396,wellbore_chev_no_7_614,72.23209458152594
1397,wellbore_chev_no_7_615,61.18264444946556
1398,wellbore_chev_no_7_616,81.40123639086615
1399,wellbore_chev_no_7_617,80.29780521480679
1400,wellbore_chev_no_7_618,77.005688842949
1401,wellbore_chev_no_7_619,56.16359167464219
1402,wellbore_chev_no_7_620,82.38063704737196
1403,wellbore_chev_no_7_621,75.75041667821547
1404,wellbore_chev_no_7_622,65.70678184483198
1405,wellbore_chev_no_7_623,53.580141147034226
1406,wellbore_chev_no_7_624,57.947970975226674
1407,wellbore_chev_no_7_625,66.87094496448009
1408,wellbore_chev_no_7_626,68.45213218672005
1409,wellbore_chev_no_7_627,67.25075595535434
1410,wellbore_chev_no_7_628,46.894117574466435
1411,wellbore_chev_no_7_629,84.83422588780572
1412,wellbore_chev_no_7_630,86.06944742249378
1413,wellbore_chev_no_7_631,84.61956633397008
1414,wellbore_chev_no_7_632,75.29760100749054
1415,wellbore_chev_no_7_633,87.3098026801768
1416,wellbore_chev_no_7_634,93.49922391138371
1417,wellbore_chev_no_7_635,92.95103407097145
1418,wellbore_chev_no_7_636,90.4102246974296
1419,wellbore_chev_no_7_637,50.31066699919568
1420,wellbore_chev_no_7_638,99.22565925934771
1421,wellbore_chev_no_7_639,98.70372622101117
1422,wellbore_chev_no_7_640,98.3858416985842
1423,wellbore_chev_no_7_641,71.68315707513739
1424,wellbore_chev_no_7_642,91.94135665464306
1425,wellbore_chev_no_7_643,92.29439901733882
1426,wellbore_chev_no_7_644,85.75069929097577
1427,wellbore_chev_no_7_645,88.90573071133376
1428,wellbore_chev_no_7_646,41.69307994328885
1429,wellbore_chev_no_7_647,52.7358879179459
1430,wellbore_chev_no_7_648,32.841572171203495
1431,wellbore_chev_no_7_649,34.93775922045232
1432,wellbore_chev_no_7_650,41.171294460432414
1433,wellbore_chev_no_7_651,49.32046989025452
1434,wellbore_chev_no_7_652,50.522919432457144
1435,wellbore_chev_no_7_653,57.390744535539085
1436,wellbore_chev_no_7_654,53.335788259874974
1437,wellbore_chev_no_7_655,56.3564231898042
1438,wellbore_chev_no_7_656,55.745131836718535
1439,wellbore_chev_no_7_657,54.1718437078824
1440,wellbore_chev_no_7_658,54.474059786251516
1441,wellbore_chev_no_7_659,57.381554552090364
1442,wellbore_chev_no_7_660,60.92354806594904
1443,wellbore_chev_no_7_661,57.66980964681233
1444,wellbore_chev_no_7_662,38.57665742862495
1445,wellbore_chev_no_7_663,41.904622900241755
1446,wellbore_chev_no_7_664,37.56126720859473
1447,wellbore_chev_no_7_665,33.82272188608227
1448,wellbore_chev_no_7_666,42.270923511301014
1449,wellbore_chev_no_7_667,58.562963972122404
1450,wellbore_chev_no_7_668,54.6846534934435
1451,wellbore_chev_no_7_669,47.264433840364646
1452,wellbore_chev_no_7_670,42.193208353452626
1453,wellbore_chev_no_7_671,53.07467438293108
1454,wellbore_chev_no_7_672,29.471529542651155
1455,wellbore_chev_no_7_673,27.02824715651532
1456,wellbore_chev_no_7_674,35.37717380154157
1457,wellbore_chev_no_7_675,60.64341413526314
1458,wellbore_chev_no_7_676,61.90477459123967
1459,wellbore_chev_no_7_677,57.67668208917894
1460,wellbore_chev_no_7_678,42.15336236225235
1461,wellbore_chev_no_7_679,56.98252635332513
1462,wellbore_chev_no_7_680,43.64281867944317
1463,wellbore_chev_no_7_681,36.25290323296346
1464,wellbore_chev_no_7_682,44.34494657899471
1465,wellbore_chev_no_7_683,64.43044842790557
1466,wellbore_chev_no_7_684,52.48634983631204
1467,wellbore_chev_no_7_685,56.97312660562925
1468,wellbore_chev_no_7_686,56.449173306211925
1469,wellbore_chev_no_7_687,51.02255579919054
1470,wellbore_chev_no_7_688,62.400985928360335
1471,wellbore_chev_no_7_689,60.00307694765994
1472,wellbore_chev_no_7_690,65.48881158653629
1473,wellbore_chev_no_7_691,62.69068631248709
1474,wellbore_chev_no_7_692,60.13317998047336
1475,wellbore_chev_no_7_693,61.52541486383278
1476,wellbore_chev_no_7_694,58.281456888244925
1477,wellbore_chev_no_7_695,54.76345556140305
1478,wellbore_chev_no_7_696,62.129994121971464
1479,wellbore_chev_no_7_697,62.91508161524793
1480,wellbore_chev_no_7_698,61.297818586626065
1481,wellbore_chev_no_7_699,62.003694021904295
1482,wellbore_chev_no_7_700,70.84204522627587
1483,wellbore_chev_no_7_701,67.07505929223278
1484,wellbore_chev_no_7_702,58.476669371076525
1485,wellbore_chev_no_7_703,61.34364539589157
1486,wellbore_chev_no_7_704,56.10418295962827
1487,wellbore_chev_no_7_705,62.35984892712676
1488,wellbore_chev_no_7_706,60.01344538523041
1489,wellbore_chev_no_7_707,61.159431685849356
1490,wellbore_chev_no_7_708,57.91428312744133
1491,wellbore_chev_no_7_709,59.31272385721492
1492,wellbore_chev_no_7_710,57.97820608948487
1493,wellbore_chev_no_7_711,60.39472078487158
1494,wellbore_chev_no_7_712,61.10697191320608
1495,wellbore_chev_no_7_713,69.4371007350576
1496,wellbore_chev_no_7_714,67.39211736433111
1497,wellbore_chev_no_7_715,75.15303543678873
1498,wellbore_chev_no_7_716,77.11135921317376
1499,wellbore_chev_no_7_717,70.78831677329653
1500,wellbore_chev_no_7_718,67.53982128615466
1501,wellbore_chev_no_7_719,67.69718616682985
1502,wellbore_chev_no_7_720,65.75301167947921
1503,wellbore_chev_no_7_721,66.5557221335091
1504,wellbore_chev_no_7_722,71.68698589184667
1505,wellbore_chev_no_7_723,67.59222816437541
1506,wellbore_chev_no_7_724,73.34522406973464
1507,wellbore_chev_no_7_725,71.58045338378996
1508,wellbore_chev_no_7_726,42.40536516250877
1509,wellbore_chev_no_7_727,47.8063385176968
1510,wellbore_chev_no_7_728,46.78337461455013
1511,wellbore_chev_no_7_729,52.77915867674028
1512,wellbore_chev_no_7_730,61.664653983824735
1513,wellbore_chev_no_7_731,63.19790145231926
1514,wellbore_chev_no_7_732,66.8931762822367
1515,wellbore_chev_no_7_733,66.60126383506856
1516,wellbore_chev_no_7_734,65.25793362191507
1517,wellbore_chev_no_7_735,66.08363124886502
1518,wellbore_chev_no_7_736,66.30466686308836
1519,wellbore_chev_no_7_737,66.43402117701245
1520,wellbore_chev_no_7_738,66.70483990385574
1521,wellbore_chev_no_7_739,71.27903706609379
1522,wellbore_chev_no_7_740,67.26041522653667
1523,wellbore_chev_no_7_741,61.75293188354587
1524,wellbore_chev_no_7_742,63.247722303857685
1525,wellbore_chev_no_7_743,60.73912924294105
1526,wellbore_chev_no_7_744,63.597522386380014
1527,wellbore_chev_no_7_745,63.934276110401186
1528,wellbore_chev_no_7_746,64.25931762841434
1529,wellbore_chev_no_7_747,66.3873359819304
1530,wellbore_chev_no_7_748,62.41945381097104
1531,wellbore_chev_no_7_749,58.852615488167515
1532,wellbore_chev_no_7_750,67.48533435368172
1533,wellbore_chev_no_7_751,56.27555011022195
1534,wellbore_chev_no_7_752,56.61980305844548
1535,wellbore_chev_no_7_753,54.596304476087525
1536,wellbore_chev_no_7_754,55.10630071444668
1537,wellbore_chev_no_7_755,44.37860917475618
1538,wellbore_chev_no_7_756,57.948373201345944
1539,wellbore_chev_no_7_757,55.23719693141204
1540,wellbore_chev_no_7_758,57.289232458065555
1541,wellbore_chev_no_7_759,63.415792909996185
1542,wellbore_chev_no_7_760,63.83048979405892
1543,wellbore_chev_no_7_761,63.703240640994615
1544,wellbore_chev_no_7_762,67.74926914502858
1545,wellbore_chev_no_7_763,70.14175369647943
1546,wellbore_chev_no_7_764,49.536367874575646
1547,wellbore_chev_no_7_765,55.505671830620386
1548,wellbore_chev_no_7_766,66.82148781624214
1549,wellbore_chev_no_7_767,61.01307377702862
1550,wellbore_chev_no_7_768,57.66462326710334
1551,wellbore_chev_no_7_769,55.00469041296499
1552,wellbore_chev_no_7_770,56.912481565476654
1553,wellbore_chev_no_7_771,61.463057861871846
1554,wellbore_chev_no_7_772,64.27711312682685
1555,wellbore_chev_no_7_773,48.053332272046624
1556,wellbore_chev_no_7_774,63.92747465827151
1557,wellbore_chev_no_7_775,66.48103056707349
1558,wellbore_chev_no_7_776,68.6550581431821
1559,wellbore_chev_no_7_777,68.2213957211401
1560,wellbore_chev_no_7_778,73.63647119401708
1561,wellbore_chev_no_7_779,47.26783970104345
1562,wellbore_chev_no_7_780,62.92899621965449
1563,wellbore_chev_no_7_781,72.06343459198405
1564,wellbore_chev_no_7_782,73.65334836568938
1565,wellbore_chev_no_7_783,68.32021287793204
1566,wellbore_chev_no_7_784,63.1733154127961
